"","Name"
"0","aabid"
"1","aabida"
"2","aachal"
"3","aaditya"
"4","aaenab"
"5","aafreen"
"6","aafrin"
"7","aaftaab"
"8","aaftab"
"9","aagand"
"10","aahim"
"11","aajad"
"12","aakanksha"
"13","aakar"
"14","aakas"
"15","aakash"
"16","aakib"
"17","aalam"
"18","aalina"
"19","aaliya"
"20","aamil"
"21","aamin"
"22","aamina"
"23","aamir"
"24","aamod"
"25","aamosh"
"26","aamrin"
"27","aanad"
"28","aanamika"
"29","aanchal"
"30","aanik"
"31","aanil"
"32","aansi"
"33","aansu"
"34","aanya"
"35","aarati"
"36","aardhna"
"37","aarif"
"38","aarifa"
"39","aarifun"
"40","aarju"
"41","aarti"
"42","aarushi"
"43","aas"
"44","aasa"
"45","aash"
"46","aasha"
"47","aashi"
"48","aashia"
"49","aashif"
"50","aashik"
"51","aashish"
"52","aashiya"
"53","aashma"
"54","aashu"
"55","aasim"
"56","aasma"
"57","aasmin"
"58","aastha"
"59","aasto"
"60","aasu"
"61","aatam"
"62","aatif"
"63","aatikun"
"64","aatir"
"65","aayana"
"66","aaysha"
"67","aayush"
"68","abash"
"69","abbal"
"70","abbas"
"71","abdul"
"72","abdulla"
"73","abdullah"
"74","abhaki"
"75","abhash"
"76","abhay"
"77","abhaysingh"
"78","abhi"
"79","abhijeet"
"80","abhijit"
"81","abhilash"
"82","abhilasha"
"83","abhimanu"
"84","abhimanyu"
"85","abhinandan"
"86","abhinash"
"87","abhinay"
"88","abhiraj"
"89","abhisek"
"90","abhisekh"
"91","abhishak"
"92","abhishekh"
"93","abhishiek"
"94","abhishik"
"95","abid"
"96","abishak"
"97","abrar"
"98","abul"
"99","achin"
"100","adalat"
"101","adan"
"102","adarsh"
"103","adersen"
"104","adesh"
"105","adhish"
"106","adi"
"107","adiba"
"108","adil"
"109","adisan"
"110","aditi"
"111","aditiya"
"112","aditya"
"113","adityalok"
"114","adnan"
"115","aesha"
"116","afarin"
"117","affan"
"118","afjal"
"119","afridi"
"120","afrin"
"121","afrina"
"122","afsana"
"123","afsar"
"124","afsari"
"125","afsha"
"126","afshana"
"127","afshar"
"128","aftab"
"129","agrej"
"130","agyapad"
"131","ahamad"
"132","ahmad"
"133","ahmed"
"134","ahsan"
"135","ahupendra"
"136","aidtya"
"137","aijay"
"138","aisha"
"139","ajab"
"140","ajad"
"141","ajahar"
"142","ajaj"
"143","ajara"
"144","ajay"
"145","ajeet"
"146","ajim"
"147","ajima"
"148","ajit"
"149","ajkati"
"150","ajmal"
"151","ajmer"
"152","ajmit"
"153","ajnabi"
"154","ajnoor"
"155","akaash"
"156","akansh"
"157","akansha"
"158","akash"
"159","akashya"
"160","akbar"
"161","akbari"
"162","akeel"
"163","akhalak"
"164","akhatari"
"165","akheelesh"
"166","akhil"
"167","akhlesh"
"168","akhlish"
"169","akhtar"
"170","akhtari"
"171","akib"
"172","akif"
"173","akil"
"174","akilesh"
"175","akkash"
"176","akkni"
"177","akram"
"178","akshat"
"179","akshay"
"180","akshita"
"181","akshpaat"
"182","akthari"
"183","aktri"
"184","al0k"
"185","alahbasri"
"186","alam"
"187","alapna"
"188","alaudin"
"189","albaksha"
"190","albina"
"191","aleesha"
"192","alema"
"193","alhamdi"
"194","alijan"
"195","alim"
"196","alima"
"197","alina"
"198","alis"
"199","alish"
"200","alisha"
"201","alka"
"202","alkesh"
"203","allabaksh"
"204","allaraji"
"205","alma"
"206","alok"
"207","alseepa"
"208","altab"
"209","altaf"
"210","aluddin"
"211","aman"
"212","amana"
"213","amandeep"
"214","amanjeet"
"215","amar"
"216","amarapal"
"217","amardeep"
"218","amarendra"
"219","amarin"
"220","amarjeet"
"221","amarmula"
"222","amart"
"223","amasi"
"224","amber"
"225","ambika"
"226","ambiya"
"227","ameen"
"228","ameer"
"229","ameera"
"230","amena"
"231","amida"
"232","amie"
"233","amijan"
"234","amil"
"235","amin"
"236","amina"
"237","amir"
"238","amiraka"
"239","amiri"
"240","amirul"
"241","amisha"
"242","amit"
"243","amita"
"244","amjad"
"245","amjat"
"246","amkit"
"247","ammar"
"248","amna"
"249","amol"
"250","amratalal"
"251","amreeta"
"252","amri"
"253","amrik"
"254","amrika"
"255","amrin"
"256","amrish"
"257","amrit"
"258","amrooti"
"259","amrta"
"260","amrudin"
"261","amuchla"
"262","anadi"
"263","anaji"
"264","anam"
"265","anamol"
"266","anand"
"267","anandi"
"268","anandu"
"269","anantram"
"270","anara"
"271","anarkali"
"272","anaro"
"273","anchal"
"274","anekha"
"275","angad"
"276","angan"
"277","angda"
"278","angreg"
"279","anguri"
"280","aniket"
"281","anil"
"282","animesh"
"283","anirudh"
"284","anish"
"285","anita"
"286","anja"
"287","anjal"
"288","anjali"
"289","anjaly"
"290","anjan"
"291","anjana"
"292","anjani"
"293","anjara"
"294","anjila"
"295","anjli"
"296","anjna"
"297","anjrej"
"298","anju"
"299","anjuman"
"300","ankaj"
"301","ankala"
"302","ankeet"
"303","ankita"
"304","ankur"
"305","ankus"
"306","ankush"
"307","anmol"
"308","annielal"
"309","annu"
"310","anoj"
"311","anokha"
"312","anooj"
"313","anoopama"
"314","ansar"
"315","ansh"
"316","anshika"
"317","anshu"
"318","anshul"
"319","anshum"
"320","anshuman"
"321","ansu"
"322","ansul"
"323","anta"
"324","antima"
"325","anu"
"326","anuja"
"327","anupama"
"328","anupuma"
"329","anuradha"
"330","anurag"
"331","anuraj"
"332","anurudh"
"333","anushka"
"334","anusoya"
"335","any"
"336","aoosaf"
"337","aparna"
"338","aphasana"
"339","aphsana"
"340","apsana"
"341","araddhna"
"342","aradhana"
"343","arajun"
"344","araslan"
"345","arati"
"346","arbana"
"347","archana"
"348","archita"
"349","archna"
"350","areen"
"351","arham"
"352","arhiyant"
"353","ariba"
"354","arif"
"355","arifa"
"356","arindom"
"357","arindra"
"358","arjina"
"359","arjun"
"360","armita"
"361","arnab"
"362","arnabjit"
"363","arpit"
"364","arpna"
"365","arsad"
"366","arsh"
"367","arshad"
"368","arshi"
"369","arshla"
"370","arthi"
"371","aru"
"372","aruna"
"373","aruni"
"374","arunkumar"
"375","aryan"
"376","asagar"
"377","asana"
"378","asanti"
"379","asarfi"
"380","asfak"
"381","asgar"
"382","asgari"
"383","asha"
"384","ashanjali"
"385","asharam"
"386","asharani"
"387","ashik"
"388","ashish"
"389","ashishi"
"390","ashiya"
"391","ashlam"
"392","ashma"
"393","ashman"
"394","ashmi"
"395","ashmin"
"396","ashnu"
"397","asho"
"398","ashok"
"399","ashrabi"
"400","ashraf"
"401","ashrfi"
"402","ashsish"
"403","ashtha"
"404","ashu"
"405","ashutosh"
"406","asif"
"407","asish"
"408","asiya"
"409","aslam"
"410","asma"
"411","asman"
"412","asmat"
"413","asmin"
"414","asmina"
"415","asmit"
"416","asmita"
"417","asrf"
"418","asruddin"
"419","astha"
"420","asutosh"
"421","atanu"
"422","ateek"
"423","atif"
"424","atish"
"425","atitaj"
"426","atta"
"427","attar"
"428","atu"
"429","atul"
"430","ayan"
"431","ayasha"
"432","aysha"
"433","ayub"
"434","ayube"
"435","ayush"
"436","ayushi"
"437","baam"
"438","babali"
"439","babalu"
"440","baban"
"441","babar"
"442","babbi"
"443","babbu"
"444","babby"
"445","babli"
"446","babloo"
"447","bablu"
"448","babu"
"449","babudden"
"450","babuddin"
"451","babul"
"452","babulal"
"453","babupuri"
"454","baburam"
"455","baby"
"456","baccha"
"457","bacche"
"458","bacchu"
"459","bachan"
"460","bachcha"
"461","bachhu"
"462","bachu"
"463","bada"
"464","badal"
"465","badami"
"466","badan"
"467","badarjahan"
"468","badnath"
"469","badru"
"470","badrudeen"
"471","badrulla"
"472","badshya"
"473","baga"
"474","bagaram"
"475","bagdai"
"476","bagga"
"477","baggusingh"
"478","bahadur"
"479","bahalen"
"480","bahart"
"481","bahnu"
"482","baichan"
"483","baidnath"
"484","baijnath"
"485","bajinder"
"486","bajrang"
"487","bajrangi"
"488","bajulal"
"489","bake"
"490","bakila"
"491","baksi"
"492","bal"
"493","balak"
"494","balalia"
"495","balam"
"496","balaram"
"497","balbir"
"498","balbiri"
"499","balchand"
"500","bali"
"501","baliram"
"502","baliya"
"503","baljinder"
"504","balkishan"
"505","ballu"
"506","balraj"
"507","banarsi"
"508","bandani"
"509","bangali"
"510","baniya"
"511","banju"
"512","bannu"
"513","bansi"
"514","bansilal"
"515","banti"
"516","bantu"
"517","banty"
"518","banu"
"519","bapu"
"520","barakha"
"521","barham"
"522","barj"
"523","barjesh"
"524","barjraj"
"525","barkha"
"526","basanta"
"527","bashanti"
"528","basiran"
"529","basnti"
"530","batasi"
"531","batloon"
"532","bato"
"533","batu"
"534","batul"
"535","baudi"
"536","beauty"
"537","bebi"
"538","beby"
"539","bechan"
"540","beekar"
"541","beena"
"542","beenu"
"543","beera"
"544","beeram"
"545","beeru"
"546","beeuty"
"547","begraj"
"548","begum"
"549","begumpur"
"550","benay"
"551","beni"
"552","benjir"
"553","benu"
"554","beragi"
"555","beti"
"556","bhabhiya"
"557","bhaddal"
"558","bhadur"
"559","bhag"
"560","bhagat"
"561","bhagay"
"562","bhagchand"
"563","bhaggo"
"564","bhagipuri"
"565","bhagirath"
"566","bhagya"
"567","bhahadur"
"568","bhajan"
"569","bhajandeep"
"570","bhajanlal"
"571","bhajju"
"572","bhakuni"
"573","bhala"
"574","bhalaram"
"575","bhan"
"576","bhanmati"
"577","bhanu"
"578","bhanumati"
"579","bhanupriya"
"580","bharat"
"581","bharati"
"582","bharkah"
"583","bharkha"
"584","bharma"
"585","bhart"
"586","bhartendu"
"587","bharti"
"588","bhasker"
"589","bhatari"
"590","bhatri"
"591","bhauk"
"592","bheem"
"593","bhhatu"
"594","bhikhari"
"595","bhim"
"596","bhima"
"597","bhimsen"
"598","bhisan"
"599","bhismpal"
"600","bhola"
"601","bhole"
"602","bholi"
"603","bholu"
"604","bhonu"
"605","bhoop"
"606","bhoopsingh"
"607","bhoori"
"608","bhopal"
"609","bhorelal"
"610","bhotra"
"611","bhram"
"612","bhramanand"
"613","bhrat"
"614","bhrkat"
"615","bhteri"
"616","bhud"
"617","bhudhashen"
"618","bhudhi"
"619","bhulan"
"620","bhuli"
"621","bhumika"
"622","bhundki"
"623","bhup"
"624","bhupen"
"625","bhupendar"
"626","bhupender"
"627","bhupendra"
"628","bhupesh"
"629","bhura"
"630","bhuralal"
"631","bhure"
"632","bhuri"
"633","bhusan"
"634","bhushan"
"635","bidami"
"636","bidhya"
"637","bigan"
"638","biitu"
"639","bijali"
"640","bijander"
"641","bijender"
"642","bijendra"
"643","bikki"
"644","bikram"
"645","bilke"
"646","bilkis"
"647","bima"
"648","bimla"
"649","bimlesh"
"650","bina"
"651","binani"
"652","binda"
"653","binder"
"654","bindi"
"655","bindiya"
"656","bindu"
"657","binnu"
"658","binpal"
"659","bintu"
"660","binu"
"661","bipin"
"662","bipnesh"
"663","bir"
"664","biraj"
"665","birajbhushan"
"666","biram"
"667","biran"
"668","birbal"
"669","birender"
"670","birgesh"
"671","birij"
"672","birjesh"
"673","birju"
"674","birma"
"675","birmati"
"676","bironica"
"677","birpal"
"678","birtha"
"679","biru"
"680","bishana"
"681","bishesh"
"682","bishnu"
"683","bismilla"
"684","bisto"
"685","bitoo"
"686","bittan"
"687","bitto"
"688","bobbi"
"689","bobby"
"690","bobi"
"691","boby"
"692","bodh"
"693","bodu"
"694","boduram"
"695","bohati"
"696","braham"
"697","brahamprakash"
"698","brahmanand"
"699","braj"
"700","brajendra"
"701","bram"
"702","brijesh"
"703","brijlal"
"704","brijmohan"
"705","brijnandan"
"706","brijpal"
"707","brinda"
"708","brkha"
"709","bsram"
"710","buchhi"
"711","buddha"
"712","buddhi"
"713","budh"
"714","budhan"
"715","budhi"
"716","budhram"
"717","budhu"
"718","buhan"
"719","buity"
"720","bulad"
"721","bulbul"
"722","bulet"
"723","bunda"
"724","bundel"
"725","bundhu"
"726","bunti"
"727","bunty"
"728","bupal"
"729","bushara"
"730","busness"
"731","captain"
"732","chabi"
"733","chahat"
"734","chajju"
"735","chakra"
"736","chama"
"737","chaman"
"738","chamanlal"
"739","champa"
"740","chanchal"
"741","chanchl"
"742","chand"
"743","chanda"
"744","chandabai"
"745","chandan"
"746","chandani"
"747","chandar"
"748","chanden"
"749","chander"
"750","chanderbal"
"751","chanderkala"
"752","chanderkali"
"753","chanderkanta"
"754","chanderpal"
"755","chandesh"
"756","chandini"
"757","chandkor"
"758","chandni"
"759","chando"
"760","chandpreet"
"761","chandra"
"762","chandracala"
"763","chandrakala"
"764","chandrashekhar"
"765","chandrram"
"766","chandru"
"767","chandu"
"768","chango"
"769","channu"
"770","chanpa"
"771","chappla"
"772","charan"
"773","charanjeet"
"774","charnjeet"
"775","charu"
"776","chatan"
"777","chatar"
"778","chaterpal"
"779","chatter"
"780","chaturbhuj"
"781","chaya"
"782","cheddi"
"783","cheete"
"784","chertamani"
"785","chet"
"786","chetan"
"787","chetana"
"788","chetanram"
"789","chetna"
"790","chetram"
"791","chhabi"
"792","chhabil"
"793","chhagan"
"794","chhagana"
"795","chhamo"
"796","chhano"
"797","chhanoyar"
"798","chhatar"
"799","chhaya"
"800","chhedilal"
"801","chhinderpal"
"802","chhitar"
"803","chhotelal"
"804","chhotu"
"805","chiddu"
"806","chinki"
"807","chinku"
"808","chinta"
"809","chintan"
"810","chintu"
"811","chinu"
"812","chirag"
"813","chitprit"
"814","chitra"
"815","chitrangan"
"816","chitranjan"
"817","chitro"
"818","chitu"
"819","chnada"
"820","chnda"
"821","chndrakla"
"822","chom"
"823","chootu"
"824","chotan"
"825","chote"
"826","chotelal"
"827","choti"
"828","chotibai"
"829","chotti"
"830","chottu"
"831","chotu"
"832","chotum"
"833","choturam"
"834","chran"
"835","chtar"
"836","chtarpal"
"837","chumki"
"838","chunni"
"839","chunnu"
"840","chura"
"841","constable"
"842","cosmic"
"843","daaud"
"844","dabbu"
"845","dabu"
"846","dakch"
"847","daks"
"848","daksh"
"849","dakshina"
"850","dakshya"
"851","dalchand"
"852","daler"
"853","dali"
"854","dalima"
"855","dalip"
"856","daljeet"
"857","daljit"
"858","dama"
"859","daman"
"860","damini"
"861","damodar"
"862","daniel"
"863","danish"
"864","danista"
"865","darfasha"
"866","darkash"
"867","darshan"
"868","darshana"
"869","darshna"
"870","dasharath"
"871","dashrath"
"872","data"
"873","dataterya"
"874","dauad"
"875","dauji"
"876","daulat"
"877","daya"
"878","dayal"
"879","dayaram"
"880","deba"
"881","deeksha"
"882","deelip"
"883","deen"
"884","deendyal"
"885","deepa"
"886","deepaak"
"887","deepak"
"888","deepan"
"889","deepanker"
"890","deepanshu"
"891","deepansu"
"892","deepanti"
"893","deepchand"
"894","deepender"
"895","deepi"
"896","deepika"
"897","deepka"
"898","deepmala"
"899","deepnarayan"
"900","deepshikha"
"901","deepti"
"902","deepu"
"903","deeraj"
"904","deerendra"
"905","deeya"
"906","deou"
"907","depali"
"908","depander"
"909","deshraj"
"910","deyji"
"911","dhalchand"
"912","dhamender"
"913","dhamini"
"914","dhana"
"915","dhananjai"
"916","dhananjay"
"917","dhaney"
"918","dhani"
"919","dhaniya"
"920","dhanjay"
"921","dhanna"
"922","dhanni"
"923","dhannu"
"924","dhanpat"
"925","dhanraj"
"926","dhansinghpuri"
"927","dhapu"
"928","dhara"
"929","dharam"
"930","dharambir"
"931","dharamender"
"932","dharampal"
"933","dharm"
"934","dharma"
"935","dharmbir"
"936","dharmender"
"937","dharmendera"
"938","dharmendr"
"939","dharmendra"
"940","dharminder"
"941","dharmpal"
"942","dharmshila"
"943","dheeraj"
"944","dheerendra"
"945","dhermendra"
"946","dhiraj"
"947","dhirender"
"948","dhirpal"
"949","dhiru"
"950","dhisa"
"951","dhmendar"
"952","dhodi"
"953","dhola"
"954","dholi"
"955","dhrama"
"956","dhramender"
"957","dhrampal"
"958","dhreej"
"959","dhulin"
"960","dhurender"
"961","dhurpati"
"962","dibakar"
"963","dibya"
"964","digamber"
"965","diksha"
"966","dikshant"
"967","dil"
"968","dila"
"969","dilbar"
"970","dilip"
"971","dilish"
"972","diljan"
"973","dilkhush"
"974","dilkush"
"975","dilsad"
"976","dilsah"
"977","dilshadi"
"978","dilshana"
"979","dimpal"
"980","dimpu"
"981","dimpy"
"982","dineesh"
"983","dinesh"
"984","dinkar"
"985","dipa"
"986","dipak"
"987","dipanshi"
"988","dipanshu"
"989","dipansu"
"990","dipeeka"
"991","dipendra"
"992","dipika"
"993","dipti"
"994","dipu"
"995","dirgaj"
"996","disha"
"997","dishad"
"998","dishant"
"999","disi"
"1000","diti"
"1001","diya"
"1002","dolat"
"1003","doli"
"1004","dolly"
"1005","dolo"
"1006","doly"
"1007","doodhnath"
"1008","dord"
"1009","dorilal"
"1010","doulat"
"1011","dropati"
"1012","druga"
"1013","dukhi"
"1014","dulal"
"1015","dular"
"1016","dulari"
"1017","dumnik"
"1018","dund"
"1019","duni"
"1020","dur"
"1021","durg"
"1022","durga"
"1023","durgabai"
"1024","durgalal"
"1025","durganand"
"1026","durgash"
"1027","durgashankar"
"1028","durgesh"
"1029","durgpal"
"1030","durjan"
"1031","dushyant"
"1032","dya"
"1033","ebane"
"1034","edris"
"1035","ekamjeet"
"1036","ekata"
"1037","ekram"
"1038","ekta"
"1039","eliyas"
"1040","emran"
"1041","englas"
"1042","esrail"
"1043","etahsaam"
"1044","faaija"
"1045","fahija"
"1046","fahim"
"1047","fahira"
"1048","faijal"
"1049","faimuddin"
"1050","faisal"
"1051","fakerey"
"1052","fakiha"
"1053","fakir"
"1054","fakiri"
"1055","fakrudeen"
"1056","fara"
"1057","faraheen"
"1058","faran"
"1059","farana"
"1060","fareem"
"1061","fareen"
"1062","fareena"
"1063","farhaja"
"1064","farhan"
"1065","farheen"
"1066","farhib"
"1067","farhin"
"1068","farid"
"1069","farida"
"1070","farina"
"1071","farjana"
"1072","farjand"
"1073","farjanul"
"1074","farku"
"1075","farmaan"
"1076","farman"
"1077","farmeena"
"1078","faroj"
"1079","farukh"
"1080","fasrun"
"1081","fateh"
"1082","father"
"1083","fatima"
"1084","fatma"
"1085","fauina"
"1086","faujdar"
"1087","fauji"
"1088","feflibai"
"1089","feru"
"1090","fhaishal"
"1091","fharman"
"1092","fija"
"1093","firakat"
"1094","firasat"
"1095","firdosh"
"1096","firdous"
"1097","firida"
"1098","firoj"
"1099","firoja"
"1100","firtu"
"1101","fool"
"1102","foola"
"1103","fooljhnah"
"1104","foolmaya"
"1105","foranta"
"1106","fornta"
"1107","forshan"
"1108","fra"
"1109","frjana"
"1110","frra"
"1111","fuli"
"1112","fuljhadi"
"1113","fulmiya"
"1114","furkan"
"1115","furkhan"
"1116","gafur"
"1117","gagan"
"1118","gahnshyam"
"1119","gaitri"
"1120","gajala"
"1121","gajender"
"1122","gajla"
"1123","gali"
"1124","galiya"
"1125","gambhir"
"1126","gamer"
"1127","gandhi"
"1128","ganeshi"
"1129","ganesi"
"1130","ganga"
"1131","gangadhar"
"1132","gangajali"
"1133","gangaram"
"1134","ganita"
"1135","ganpat"
"1136","ganpati"
"1137","gantantra"
"1138","gappu"
"1139","gargi"
"1140","garib"
"1141","garima"
"1142","garsh"
"1143","garupal"
"1144","gattu"
"1145","gaura"
"1146","gauri"
"1147","gautam"
"1148","gayatri"
"1149","gaytree"
"1150","gaytri"
"1151","geernish"
"1152","geesa"
"1153","geet"
"1154","geeta"
"1155","geetanjali"
"1156","geetika"
"1157","gen"
"1158","genda"
"1159","gendu"
"1160","gensingh"
"1161","ghanshayam"
"1162","ghanshyam"
"1163","ghansyam"
"1164","ghantoli"
"1165","ghaseeta"
"1166","ghasiram"
"1167","gheesa"
"1168","ghisaram"
"1169","ghurul"
"1170","gila"
"1171","gilbahar"
"1172","giri"
"1173","girija"
"1174","girijarani"
"1175","giriraj"
"1176","girish"
"1177","girishchandra"
"1178","girishi"
"1179","girja"
"1180","girjesh"
"1181","girraj"
"1182","gita"
"1183","gitika"
"1184","gjender"
"1185","gobind"
"1186","godambari"
"1187","gokul"
"1188","goldan"
"1189","golden"
"1190","goldi"
"1191","goldy"
"1192","gollu"
"1193","golu"
"1194","gomti"
"1195","gona"
"1196","gonsan"
"1197","goopi"
"1198","gopal"
"1199","gopi"
"1200","gopiram"
"1201","gora"
"1202","gordhan"
"1203","gordhanlal"
"1204","gori"
"1205","gotiya"
"1206","goutam"
"1207","grace"
"1208","grish"
"1209","groti"
"1210","grpreet"
"1211","gruchran"
"1212","guddi"
"1213","guddibai"
"1214","guddiya"
"1215","guddo"
"1216","guddu"
"1217","gudia"
"1218","gudiya"
"1219","gudya"
"1220","gufraan"
"1221","gufran"
"1222","gugna"
"1223","gul"
"1224","gulab"
"1225","gulafsha"
"1226","gulafshan"
"1227","gulam"
"1228","gulashan"
"1229","gulbasha"
"1230","guldasta"
"1231","gulfam"
"1232","gulfan"
"1233","gulfara"
"1234","gulfasha"
"1235","gulista"
"1236","guljan"
"1237","guljar"
"1238","gulnaj"
"1239","gulpacha"
"1240","gulran"
"1241","gulsan"
"1242","gulsana"
"1243","gulsha"
"1244","gulshad"
"1245","gulshafa"
"1246","gulshana"
"1247","gulsher"
"1248","gulshtab"
"1249","gulsida"
"1250","guluram"
"1251","guman"
"1252","gunanidhi"
"1253","gungun"
"1254","guni"
"1255","gunja"
"1256","gunjan"
"1257","gur"
"1258","gurdarshan"
"1259","gurdayal"
"1260","gurdeep"
"1261","gurfaan"
"1262","gurjeet"
"1263","gurjit"
"1264","gurlal"
"1265","gurmeet"
"1266","gurmel"
"1267","gurnam"
"1268","gurpreet"
"1269","gurprit"
"1270","gursimaran"
"1271","guru"
"1272","gurubaksh"
"1273","gurucharan"
"1274","gurudut"
"1275","gurupreet"
"1276","gutam"
"1277","gya"
"1278","gyaan"
"1279","gyan"
"1280","gyandeep"
"1281","gyanender"
"1282","gyanendra"
"1283","gyanu"
"1284","gyarsi"
"1285","gyatri"
"1286","gytri"
"1287","habib"
"1288","habiba"
"1289","hadarali"
"1290","hagami"
"1291","haider"
"1292","haji"
"1293","hajrat"
"1294","hajrati"
"1295","hakam"
"1296","hakimuddin"
"1297","halima"
"1298","haliya"
"1299","halke"
"1300","halkuji"
"1301","hament"
"1302","hamid"
"1303","hamida"
"1304","hamim"
"1305","handu"
"1306","haneef"
"1307","hani"
"1308","hanif"
"1309","hanni"
"1310","hanny"
"1311","hansa"
"1312","hanshraj"
"1313","hansraj"
"1314","hanumanram"
"1315","happy"
"1316","har"
"1317","harak"
"1318","harana"
"1319","hararat"
"1320","harbai"
"1321","harbanschauhan"
"1322","harbansh"
"1323","harbhajan"
"1324","harbinder"
"1325","harbir"
"1326","hardam"
"1327","hardas"
"1328","hardass"
"1329","hardeep"
"1330","hardik"
"1331","hare"
"1332","harees"
"1333","harender"
"1334","harendra"
"1335","hari"
"1336","haridutt"
"1337","hariesh"
"1338","harimohan"
"1339","harinder"
"1340","hariom"
"1341","hariram"
"1342","harish"
"1343","harishankar"
"1344","harishchandr"
"1345","harishen"
"1346","harjeet"
"1347","harji"
"1348","harjit"
"1349","harleen"
"1350","harman"
"1351","harmani"
"1352","harmeet"
"1353","harmit"
"1354","harnam"
"1355","harneet"
"1356","harpal"
"1357","harprasad"
"1358","harprit"
"1359","harry"
"1360","harsh"
"1361","harsha"
"1362","harshdeep"
"1363","harshit"
"1364","harshita"
"1365","harshmeet"
"1366","harun"
"1367","hasan"
"1368","hasbul"
"1369","haseem"
"1370","haseen"
"1371","haseena"
"1372","hashim"
"1373","hashrat"
"1374","hasibul"
"1375","hasibullah"
"1376","hasina"
"1377","hasir"
"1378","hasmita"
"1379","heena"
"1380","heera"
"1381","heeralal"
"1382","hem"
"1383","hema"
"1384","hemani"
"1385","hemanshu"
"1386","hemanti"
"1387","hemlat"
"1388","hemlata"
"1389","hemraj"
"1390","hemuna"
"1391","hena"
"1392","hera"
"1393","hetal"
"1394","hifjul"
"1395","himal"
"1396","himani"
"1397","himanshee"
"1398","himanshi"
"1399","himanshu"
"1400","himansi"
"1401","himansu"
"1402","himashu"
"1403","hina"
"1404","hira"
"1405","hiralal"
"1406","hiramani"
"1407","hiri"
"1408","hisamuddin"
"1409","hiten"
"1410","hitesh"
"1411","hitlar"
"1412","hom"
"1413","homa"
"1414","honey"
"1415","hoor"
"1416","horam"
"1417","hosiyarilal"
"1418","hoti"
"1419","hritik"
"1420","hudi"
"1421","hukam"
"1422","hukamchand"
"1423","hukum"
"1424","huma"
"1425","humera"
"1426","hurji"
"1427","husain"
"1428","husainpreet"
"1429","huseni"
"1430","husina"
"1431","husiya"
"1432","husnara"
"1433","husno"
"1434","hyatun"
"1435","iarfan"
"1436","ibarhim"
"1437","ibraham"
"1438","ibraheem"
"1439","iema"
"1440","iesha"
"1441","ifteshyam"
"1442","ijhar"
"1443","ikara"
"1444","ikbal"
"1445","iklakh"
"1446","ikramuddin"
"1447","ilayat"
"1448","ilema"
"1449","imam"
"1450","imaman"
"1451","imamuddin"
"1452","imamudeen"
"1453","imran"
"1454","imrana"
"1455","imsaan"
"1456","incee"
"1457","inda"
"1458","indal"
"1459","indara"
"1460","inder"
"1461","inderjeet"
"1462","inderjit"
"1463","indernath"
"1464","inderpaal"
"1465","indra"
"1466","indraj"
"1467","indta"
"1468","injmam"
"1469","injum"
"1470","inkoo"
"1471","iram"
"1472","irfan"
"1473","irphan"
"1474","irsad"
"1475","irshad"
"1476","irtu"
"1477","ish"
"1478","isha"
"1479","ishant"
"1480","ishatkar"
"1481","ishika"
"1482","ishita"
"1483","ishmita"
"1484","ishrana"
"1485","ishtkar"
"1486","ishu"
"1487","isika"
"1488","islam"
"1489","islamuddin"
"1490","islamudin"
"1491","ismaliye"
"1492","israr"
"1493","isthar"
"1494","istikar"
"1495","istkhar"
"1496","istyak"
"1497","istyara"
"1498","jaanki"
"1499","jaanu"
"1500","jabbar"
"1501","jabir"
"1502","jacob"
"1503","jadu"
"1504","jafar"
"1505","jaffar"
"1506","jafrin"
"1507","jafruddin"
"1508","jag"
"1509","jaga"
"1510","jagan"
"1511","jagat"
"1512","jagbir"
"1513","jagdamba"
"1514","jagdambika"
"1515","jagdeep"
"1516","jagdeesh"
"1517","jagdiesh"
"1518","jagdish"
"1519","jagir"
"1520","jagjeet"
"1521","jagnath"
"1522","jagrti"
"1523","jagtar"
"1524","jahagir"
"1525","jahgeer"
"1526","jahid"
"1527","jahir"
"1528","jahirul"
"1529","jahoor"
"1530","jai"
"1531","jaibir"
"1532","jaichand"
"1533","jaideep"
"1534","jaidul"
"1535","jaiguna"
"1536","jaijairam"
"1537","jaimata"
"1538","jaimati"
"1539","jainab"
"1540","jainaf"
"1541","jainub"
"1542","jaipal"
"1543","jaiparkash"
"1544","jaiprakash"
"1545","jaiprkesh"
"1546","jairam"
"1547","jaishmin"
"1548","jaisigh"
"1549","jaismeen"
"1550","jaitun"
"1551","jakh"
"1552","jakir"
"1553","jakra"
"1554","jalaluddin"
"1555","jalil"
"1556","jalmi"
"1557","jalsingh"
"1558","jamaal"
"1559","jamad"
"1560","jamadar"
"1561","jamee"
"1562","jameela"
"1563","jamila"
"1564","jamir"
"1565","jamna"
"1566","jamnaa"
"1567","jamrujaha"
"1568","jamshed"
"1569","jamuna"
"1570","janaki"
"1571","janam"
"1572","janardam"
"1573","janesh"
"1574","jang"
"1575","jani"
"1576","janid"
"1577","janki"
"1578","jankraj"
"1579","janmesh"
"1580","jannat"
"1581","jantarpal"
"1582","japneet"
"1583","jareena"
"1584","jarif"
"1585","jarim"
"1586","jarina"
"1587","jarnail"
"1588","jasbir"
"1589","jashinal"
"1590","jasim"
"1591","jasina"
"1592","jasiram"
"1593","jaskaran"
"1594","jaskirat"
"1595","jasleen"
"1596","jaslin"
"1597","jasmeet"
"1598","jasmen"
"1599","jasmina"
"1600","jasoda"
"1601","jaspal"
"1602","jaspreet"
"1603","jassi"
"1604","jat"
"1605","jay"
"1606","jaya"
"1607","jayada"
"1608","jayantadass"
"1609","jayanti"
"1610","jayda"
"1611","jaydurga"
"1612","jaykumar"
"1613","jaynarayan"
"1614","jayoti"
"1615","jayotli"
"1616","jayshing"
"1617","jayuti"
"1618","jeba"
"1619","jebi"
"1620","jeenat"
"1621","jeeren"
"1622","jeet"
"1623","jeete"
"1624","jeeth"
"1625","jeetram"
"1626","jeetu"
"1627","jeeya"
"1628","jenab"
"1629","jenifer"
"1630","jenny"
"1631","jeta"
"1632","jgdish"
"1633","jhaban"
"1634","jhagdoo"
"1635","jhagdu"
"1636","jhakar"
"1637","jhalla"
"1638","jhanjhariya"
"1639","jhansi"
"1640","jharna"
"1641","jhingi"
"1642","jhoti"
"1643","jhuhi"
"1644","jhuma"
"1645","jhumki"
"1646","jhunnu"
"1647","jibanti"
"1648","jile"
"1649","jimmi"
"1650","jina"
"1651","jinat"
"1652","jincy"
"1653","jioty"
"1654","jisaan"
"1655","jishan"
"1656","jishant"
"1657","jism"
"1658","jisu"
"1659","jit"
"1660","jitan"
"1661","jite"
"1662","jitender"
"1663","jitendera"
"1664","jitendr"
"1665","jitendra"
"1666","jitesh"
"1667","jittender"
"1668","jitu"
"1669","jiya"
"1670","jiyaul"
"1671","job"
"1672","jodhi"
"1673","joga"
"1674","jogender"
"1675","joginder"
"1676","joholal"
"1677","jomiya"
"1678","jon"
"1679","joni"
"1680","jony"
"1681","joria"
"1682","jorj"
"1683","joshna"
"1684","josin"
"1685","jotyi"
"1686","joy"
"1687","joya"
"1688","joyaa"
"1689","joyate"
"1690","joycee"
"1691","joyti"
"1692","jubaira"
"1693","jubed"
"1694","jubeda"
"1695","juber"
"1696","jugan"
"1697","jugani"
"1698","juhi"
"1699","julee"
"1700","julekha"
"1701","julfi"
"1702","julficar"
"1703","julfikaar"
"1704","jully"
"1705","jumman"
"1706","jumrati"
"1707","juna"
"1708","junaid"
"1709","juneb"
"1710","junl"
"1711","junna"
"1712","jya"
"1713","jyoti"
"1714","jyotsana"
"1715","kaamini"
"1716","kaari"
"1717","kabal"
"1718","kabid"
"1719","kabir"
"1720","kabul"
"1721","kachan"
"1722","kachri"
"1723","kadir"
"1724","kadu"
"1725","kafia"
"1726","kaifiya"
"1727","kailash"
"1728","kailashi"
"1729","kailesh"
"1730","kajal"
"1731","kajamuddih"
"1732","kajol"
"1733","kajul"
"1734","kala"
"1735","kalashi"
"1736","kalayan"
"1737","kale"
"1738","kaleem"
"1739","kaleram"
"1740","kalicharan"
"1741","kalip"
"1742","kallo"
"1743","kallu"
"1744","kalma"
"1745","kaloo"
"1746","kalpadma"
"1747","kalpana"
"1748","kalpesh"
"1749","kalpna"
"1750","kalu"
"1751","kaluram"
"1752","kalusingh"
"1753","kalyan"
"1754","kalyani"
"1755","kamakshya"
"1756","kamala"
"1757","kamaldeep"
"1758","kamalkishore"
"1759","kamana"
"1760","kamar"
"1761","kamesh"
"1762","kamil"
"1763","kamini"
"1764","kamla"
"1765","kamlash"
"1766","kamlesh"
"1767","kamli"
"1768","kamni"
"1769","kamraan"
"1770","kamreen"
"1771","kamruddin"
"1772","kamrudeen"
"1773","kamrulnisha"
"1774","kana"
"1775","kanahiya"
"1776","kanak"
"1777","kanchaniya"
"1778","kanchi"
"1779","kanchn"
"1780","kanda"
"1781","kanhaiya"
"1782","kanhaya"
"1783","kanheya"
"1784","kanhyalal"
"1785","kanika"
"1786","kanishakraj"
"1787","kanisk"
"1788","kanki"
"1789","kanku"
"1790","kanok"
"1791","kanta"
"1792","kanti"
"1793","kantil"
"1794","kanya"
"1795","kapiil"
"1796","kapil"
"1797","kaptan"
"1798","karamjeet"
"1799","karan"
"1800","karansingh"
"1801","kareshan"
"1802","karina"
"1803","karishama"
"1804","karishan"
"1805","karishma"
"1806","karisma"
"1807","karma"
"1808","karmbir"
"1809","karnesh"
"1810","karshma"
"1811","kartar"
"1812","kartik"
"1813","karunakar"
"1814","kashi"
"1815","kashis"
"1816","kashish"
"1817","kashum"
"1818","kasid"
"1819","kasim"
"1820","kasish"
"1821","kastoori"
"1822","kasturi"
"1823","kasumbi"
"1824","katyayani"
"1825","kausal"
"1826","kaushaliya"
"1827","kaushalya"
"1828","kaushik"
"1829","kauslender"
"1830","kayum"
"1831","kbeta"
"1832","kedarmal"
"1833","kehkasha"
"1834","kela"
"1835","kelama"
"1836","kelashi"
"1837","keli"
"1838","kesar"
"1839","kesha"
"1840","keshar"
"1841","keshram"
"1842","keshri"
"1843","keshu"
"1844","kesnata"
"1845","kesri"
"1846","keta"
"1847","ketan"
"1848","khairu"
"1849","khajan"
"1850","khalid"
"1851","khalil"
"1852","khamchand"
"1853","khanchan"
"1854","khangara"
"1855","khashbu"
"1856","khasti"
"1857","kheem"
"1858","khemchand"
"1859","kherul"
"1860","khetra"
"1861","khima"
"1862","khimanand"
"1863","khokan"
"1864","khooshboo"
"1865","khshbu"
"1866","khubchand"
"1867","khubi"
"1868","khumlo"
"1869","khursheed"
"1870","khurshida"
"1871","khusaboo"
"1872","khusbhoo"
"1873","khusbhu"
"1874","khusboo"
"1875","khusbu"
"1876","khush"
"1877","khushabu"
"1878","khushal"
"1879","khushbhu"
"1880","khushboo"
"1881","khushbu"
"1882","khushi"
"1883","khushnaseeb"
"1884","khushnasiba"
"1885","khushnudi"
"1886","khushnuma"
"1887","kifayat"
"1888","killo"
"1889","kimat"
"1890","kimmi"
"1891","kingkar"
"1892","kiniya"
"1893","kinya"
"1894","kirann"
"1895","kiranti"
"1896","kirashan"
"1897","kiriti"
"1898","kirodimal"
"1899","kirorimal"
"1900","kirpa"
"1901","kirshan"
"1902","kirshanpal"
"1903","kirshn"
"1904","kirshna"
"1905","kirti"
"1906","kirtiman"
"1907","kisan"
"1908","kishan"
"1909","kishana"
"1910","kishmat"
"1911","kishn"
"1912","kishor"
"1913","kismat/"
"1914","kismti"
"1915","kitti"
"1916","klash"
"1917","klu"
"1918","km0"
"1919","kmles"
"1920","kmo"
"1921","knheyalal"
"1922","kohinoor"
"1923","koilu"
"1924","kokil"
"1925","kokila"
"1926","komal"
"1927","konika"
"1928","konti"
"1929","kooki"
"1930","kosaleya"
"1931","kosalya"
"1932","koshal"
"1933","koshalya"
"1934","koshlya"
"1935","koslya"
"1936","kosylaya"
"1937","kouchu"
"1938","koyal"
"1939","koyali"
"1940","kranti"
"1941","krashana"
"1942","krashna"
"1943","kripya"
"1944","krisana"
"1945","krish"
"1946","krishama"
"1947","krishan"
"1948","krishana"
"1949","krishen"
"1950","krishka"
"1951","krishma"
"1952","krishn"
"1953","krishna"
"1954","krishnal"
"1955","kriti"
"1956","kritika"
"1957","kudtusu"
"1958","kulbhushan"
"1959","kulbir"
"1960","kuldeel"
"1961","kuldeep"
"1962","kulina"
"1963","kulsum"
"1964","kum"
"1965","kumar"
"1966","kumara"
"1967","kumarage"
"1968","kumare"
"1969","kumari"
"1970","kumod"
"1971","kumresh"
"1972","kumud"
"1973","kunda"
"1974","kundan"
"1975","kundin"
"1976","kunod"
"1977","kuntesh"
"1978","kunti"
"1979","kuparth"
"1980","kurban"
"1981","kureja"
"1982","kush"
"1983","kushagra"
"1984","kushal"
"1985","kusham"
"1986","kushbu"
"1987","kushi"
"1988","kushma"
"1989","kushmi"
"1990","kushmita"
"1991","kushum"
"1992","kushumlata"
"1993","kusum"
"1994","kusuma"
"1995","kusumakar"
"1996","kusumlata"
"1997","lad"
"1998","lada"
"1999","laddha"
"2000","ladli"
"2001","lahida"
"2002","laja"
"2003","lajja"
"2004","laka"
"2005","lakh"
"2006","lakhamichand"
"2007","lakhan"
"2008","lakhbir"
"2009","lakhe"
"2010","lakhi"
"2011","lakhmi"
"2012","lakhraj"
"2013","lakhsmi"
"2014","lakhu"
"2015","lakhua"
"2016","lakhya"
"2017","lakky"
"2018","laksh"
"2019","lakshay"
"2020","lakshaya"
"2021","lakshit"
"2022","lakshy"
"2023","lakshya"
"2024","lal"
"2025","lala"
"2026","lalaram"
"2027","lali"
"2028","lalita"
"2029","laliya"
"2030","lallu"
"2031","lalmuni"
"2032","laltes"
"2033","laltha"
"2034","laltia"
"2035","lalu"
"2036","lalutha"
"2037","lamani"
"2038","lasar"
"2039","lashma"
"2040","laskshita"
"2041","lata"
"2042","lateef"
"2043","latesh"
"2044","latoor"
"2045","latur"
"2046","layba"
"2047","layman"
"2048","leelu"
"2049","lekhraj"
"2050","lekhram"
"2051","lekose"
"2052","leo"
"2053","lila"
"2054","lilabai"
"2055","lilaki"
"2056","lilaram"
"2057","lilima"
"2058","lilu"
"2059","limca"
"2060","lisha"
"2061","liyakat"
"2062","lllllllllllllllllll"
"2063","lok"
"2064","lokender"
"2065","lokendra"
"2066","lokesh"
"2067","lokindra"
"2068","long"
"2069","lta"
"2070","lucki"
"2071","lucky"
"2072","lukkad"
"2073","lukman"
"2074","lushi"
"2075","maadhuri"
"2076","maahi"
"2077","maalti"
"2078","maan"
"2079","maanmati"
"2080","maansingh"
"2081","maaya"
"2082","mabiya"
"2083","machhala"
"2084","madam"
"2085","madan"
"2086","madanlal"
"2087","madhan"
"2088","madharam"
"2089","madho"
"2090","madhu"
"2091","madhubala"
"2092","madhuni"
"2093","madhuri"
"2094","madhusudan"
"2095","madina"
"2096","mager"
"2097","maha"
"2098","mahabir"
"2099","mahak"
"2100","mahammd"
"2101","mahasingh"
"2102","mahbir"
"2103","mahbub"
"2104","mahendar"
"2105","mahender"
"2106","mahendra"
"2107","mahesh"
"2108","maheshar"
"2109","mahfooj"
"2110","mahfuj"
"2111","mahima"
"2112","mahinder"
"2113","mahindra"
"2114","mahinudin"
"2115","mahipal"
"2116","mahjabi"
"2117","mahkar"
"2118","mahlikka"
"2119","mahmun"
"2120","mahnatha"
"2121","mahraj"
"2122","mahrul"
"2123","mahtab"
"2124","mahud"
"2125","maigo"
"2126","mainka"
"2127","mairi"
"2128","mairy"
"2129","maisan"
"2130","majid"
"2131","majida"
"2132","majidunisha"
"2133","majoo"
"2134","majrula"
"2135","makhan"
"2136","makrud"
"2137","maksood"
"2138","maksud"
"2139","mala"
"2140","mali"
"2141","malika"
"2142","malkeet"
"2143","malkiat"
"2144","mallik"
"2145","mallika"
"2146","mallo"
"2147","malti"
"2148","mam"
"2149","maman"
"2150","mamanbai"
"2151","mamata"
"2152","mamchand"
"2153","mamini"
"2154","mamita"
"2155","mammta"
"2156","mamoita"
"2157","mamraj"
"2158","mamt"
"2159","mamta"
"2160","mamtha"
"2161","mamu"
"2162","mamuna"
"2163","mamuni"
"2164","man"
"2165","mana"
"2166","manak"
"2167","manali"
"2168","manash"
"2169","manbai"
"2170","manbhar"
"2171","manbharbai"
"2172","manbhari"
"2173","manchan"
"2174","manda"
"2175","mandan"
"2176","mandeep"
"2177","mandi"
"2178","mandira"
"2179","mandothi"
"2180","mandu"
"2181","maneesh"
"2182","maneesha"
"2183","maneeta"
"2184","manender"
"2185","manesh"
"2186","manful"
"2187","mangal"
"2188","mangala"
"2189","mangat"
"2190","mangelal"
"2191","mangeram"
"2192","mangi"
"2193","mangilal"
"2194","manglesh"
"2195","mangol"
"2196","mangta"
"2197","mangu"
"2198","mangubai"
"2199","mani"
"2200","manikchand"
"2201","manimegla"
"2202","maninder"
"2203","manira"
"2204","manisa"
"2205","manish"
"2206","manit"
"2207","manita"
"2208","manjar"
"2209","manjeet"
"2210","manjesh"
"2211","manjinder"
"2212","manjoo"
"2213","manju"
"2214","manjula"
"2215","manjusha"
"2216","manka"
"2217","manku"
"2218","manlisa"
"2219","manmath"
"2220","manmeet"
"2221","manni"
"2222","manno"
"2223","mannu"
"2224","mannulal"
"2225","manohar"
"2226","manoish"
"2227","manoj"
"2228","manojkumar"
"2229","manorma"
"2230","manormapal"
"2231","manosh"
"2232","manphool"
"2233","manpreet"
"2234","manpritkour"
"2235","mansa"
"2236","mansha"
"2237","mansharam"
"2238","manshi"
"2239","mansi"
"2240","manti"
"2241","manu"
"2242","manuja"
"2243","mariam"
"2244","mariya"
"2245","mariyam"
"2246","marjana"
"2247","marjina"
"2248","marshilah"
"2249","marti"
"2250","maryam"
"2251","masheen"
"2252","mashli"
"2253","masoom"
"2254","mast"
"2255","mastan"
"2256","masum"
"2257","masuma"
"2258","mata"
"2259","matadeen"
"2260","matbar"
"2261","matok"
"2262","matul"
"2263","maujim"
"2264","mausam"
"2265","maushid"
"2266","mayak"
"2267","mayur"
"2268","mayuri"
"2269","meela"
"2270","meena"
"2271","meenakshi"
"2272","meenat"
"2273","meenu"
"2274","meer"
"2275","meera"
"2276","meeramai"
"2277","meesh"
"2278","meeta"
"2279","meethu"
"2280","meetu"
"2281","mega"
"2282","megha"
"2283","meghana"
"2284","meghanath"
"2285","megharaj"
"2286","megharam"
"2287","meghashayam"
"2288","mehak"
"2289","mehandi"
"2290","meharban"
"2291","meharuddin"
"2292","mehbob"
"2293","mehboob"
"2294","mehfooj"
"2295","mehib"
"2296","mehinder"
"2297","mehnaj"
"2298","mehraj"
"2299","mehronisha"
"2300","mehru"
"2301","mehruddin"
"2302","mehrunisha"
"2303","mehtab"
"2304","mem"
"2305","mema"
"2306","mena"
"2307","menakshi"
"2308","menka"
"2309","menpal"
"2310","menu"
"2311","mercy"
"2312","mero"
"2313","merry"
"2314","mesak"
"2315","meti"
"2316","metily"
"2317","mhega"
"2318","mhendar"
"2319","mho"
"2320","mhoomad"
"2321","mhosin"
"2322","michael"
"2323","midda"
"2324","midhana"
"2325","miha"
"2326","mihir"
"2327","mikel"
"2328","milan"
"2329","mili"
"2330","milka"
"2331","milkhi"
"2332","mina"
"2333","minakchi"
"2334","minakshi"
"2335","minaksi"
"2336","minka"
"2337","minkashi"
"2338","mintu"
"2339","minu"
"2340","mira"
"2341","mis"
"2342","misbah"
"2343","mishbha"
"2344","mishri"
"2345","misri"
"2346","miss"
"2347","mitali"
"2348","mithalesh"
"2349","mithelash"
"2350","mithi"
"2351","mithilesh"
"2352","mithu"
"2353","mithun"
"2354","mitlesh"
"2355","mitnu"
"2356","mitthu"
"2357","mitthun"
"2358","mjudi"
"2359","mnisha"
"2360","mnoj"
"2361","mnyak"
"2362","mobarkar"
"2363","mobin"
"2364","mobsheera"
"2365","modh"
"2366","mogan"
"2367","mogli"
"2368","moh"
"2369","mohabbat"
"2370","mohad"
"2371","mohak"
"2372","moham"
"2373","mohamad"
"2374","mohammad"
"2375","mohan"
"2376","mohani"
"2377","mohanlal"
"2378","mohardi"
"2379","mohatter"
"2380","mohd"
"2381","mohhmad"
"2382","mohinuddin"
"2383","mohit"
"2384","mohmad"
"2385","mohmed"
"2386","mohmmad"
"2387","mohmmd"
"2388","mohni"
"2389","mohseena"
"2390","mohsin"
"2391","mohsina"
"2392","moin"
"2393","moinuddin"
"2394","moka"
"2395","mokida"
"2396","momena"
"2397","momin"
"2398","momina"
"2399","momita"
"2400","mona"
"2401","monam"
"2402","moni"
"2403","monika"
"2404","monini"
"2405","monish"
"2406","monny"
"2407","monti"
"2408","montu"
"2409","monty"
"2410","monu"
"2411","monupal"
"2412","mony"
"2413","mookan"
"2414","mool"
"2415","moolchand"
"2416","mooldan"
"2417","mooli"
"2418","moona"
"2419","morki"
"2420","mosam"
"2421","moshad"
"2422","moshin"
"2423","moshri"
"2424","mosim"
"2425","mosmi"
"2426","moti"
"2427","motilaal"
"2428","motilal"
"2429","mousam"
"2430","mousin"
"2431","mrityunjay"
"2432","mrs"
"2433","mubarik"
"2434","mubashir"
"2435","mubshshira"
"2436","mudasar"
"2437","mudbir"
"2438","mudrika"
"2439","mudsay"
"2440","mudsir"
"2441","mudssir"
"2442","mujaffar"
"2443","mujeeb"
"2444","mujefir"
"2445","mujibu"
"2446","mukaram"
"2447","mukeemuddin"
"2448","mukesh"
"2449","mukiman"
"2450","mukish"
"2451","mukkesh"
"2452","mukram"
"2453","muksndi"
"2454","mukul"
"2455","mukund"
"2456","muli"
"2457","mulina"
"2458","multan"
"2459","mum"
"2460","mumtaj"
"2461","munbura"
"2462","munder"
"2463","muneer"
"2464","munesh"
"2465","muni"
"2466","munia"
"2467","munish"
"2468","munjira"
"2469","munkad"
"2470","munmun"
"2471","munna"
"2472","munnakumar"
"2473","munnem"
"2474","munni"
"2475","munnia"
"2476","munnu"
"2477","munny"
"2478","munsi"
"2479","muntajar"
"2480","muntiyaj"
"2481","muntjar"
"2482","murad"
"2483","murarilal"
"2484","murjina"
"2485","murli"
"2486","murshida"
"2487","mursida"
"2488","murti"
"2489","murtibai"
"2490","mushir"
"2491","mushrraf"
"2492","musibat"
"2493","muskaan"
"2494","muskan"
"2495","muskuran"
"2496","muslim"
"2497","musmi"
"2498","musra"
"2499","musrat"
"2500","mustafa"
"2501","mustak"
"2502","mustkeem"
"2503","mustki"
"2504","mustkim"
"2505","naajim"
"2506","nabi"
"2507","nabijan"
"2508","nabila"
"2509","nachita"
"2510","nadeem"
"2511","nadhim"
"2512","nadim"
"2513","nadir"
"2514","naeem"
"2515","nafe"
"2516","nafeesa"
"2517","nafisa"
"2518","nagaji"
"2519","nagendra"
"2520","nagia"
"2521","nagina"
"2522","nagma"
"2523","nahani"
"2524","nahar"
"2525","nahid"
"2526","nahida"
"2527","naim"
"2528","naima"
"2529","naimuddin"
"2530","nain"
"2531","naina"
"2532","nainshi"
"2533","najar"
"2534","najarana"
"2535","najda"
"2536","najim"
"2537","najimuddin"
"2538","najira"
"2539","najis"
"2540","najma"
"2541","najmin"
"2542","najni"
"2543","najo"
"2544","najrana"
"2545","najre"
"2546","najreen"
"2547","najrin"
"2548","najubai"
"2549","nakched"
"2550","nakul"
"2551","naman"
"2552","namarta"
"2553","name"
"2554","nameeta"
"2555","namita"
"2556","namra"
"2557","nana"
"2558","nanagram"
"2559","nanak"
"2560","nancy"
"2561","nand"
"2562","nanda"
"2563","nandi"
"2564","nandini"
"2565","nandita"
"2566","nandkishore"
"2567","nandni"
"2568","nandram"
"2569","nandu"
"2570","nanhe"
"2571","nanhey"
"2572","nanhu"
"2573","nanka"
"2574","nankesh"
"2575","nanki"
"2576","nanni"
"2577","nannu"
"2578","nano"
"2579","nanshi"
"2580","nanu"
"2581","nar"
"2582","narain"
"2583","naraini"
"2584","narayan"
"2585","narbada"
"2586","narbahadur"
"2587","narbda"
"2588","narbir"
"2589","narendar"
"2590","narendera"
"2591","narendra"
"2592","naresh"
"2593","nareshpal"
"2594","nargesh"
"2595","nargis"
"2596","nargish"
"2597","narhasi"
"2598","narinder"
"2599","narmada"
"2600","narmda"
"2601","naroo"
"2602","narpendra"
"2603","narsa"
"2604","narsingh"
"2605","naruram"
"2606","naryan"
"2607","naryani"
"2608","nasar"
"2609","naseeba"
"2610","naseef"
"2611","naseema"
"2612","nashima"
"2613","nashimuddin"
"2614","nashrin"
"2615","nasibu"
"2616","nasim"
"2617","nasima"
"2618","nasir"
"2619","nasira"
"2620","nasreema"
"2621","nasreen"
"2622","nasrin"
"2623","nasruddin"
"2624","nasrudeen"
"2625","nasrul"
"2626","nassin"
"2627","natasha"
"2628","natha"
"2629","nathi"
"2630","nathiya"
"2631","nathu"
"2632","nathulal"
"2633","nathuram"
"2634","natthu"
"2635","naulakh"
"2636","naulesh"
"2637","nausad"
"2638","naushad"
"2639","naushi"
"2640","nayaka"
"2641","nayamati"
"2642","nayan"
"2643","nayana"
"2644","nayeem"
"2645","nayna"
"2646","neaha"
"2647","neela"
"2648","neelachal"
"2649","neelajan"
"2650","neelam"
"2651","neeli"
"2652","neelima"
"2653","neelkant"
"2654","neelu"
"2655","neema"
"2656","neemi"
"2657","neeraj"
"2658","neeru"
"2659","neesa"
"2660","neesha"
"2661","neeshu"
"2662","neeta"
"2663","neeti"
"2664","neetu"
"2665","neha"
"2666","nehal"
"2667","neharika"
"2668","nej"
"2669","nek"
"2670","neki"
"2671","nelam"
"2672","nemsi"
"2673","nena"
"2674","nenhe"
"2675","neni"
"2676","nenshi"
"2677","nensi"
"2678","nepal"
"2679","neraj"
"2680","nesha"
"2681","netra"
"2682","netram"
"2683","netrapal"
"2684","nibha"
"2685","nibo"
"2686","nicharon"
"2687","nida"
"2688","nigar"
"2689","nihal"
"2690","nihalchand"
"2691","nijam"
"2692","nijamuddin"
"2693","nijamudeen"
"2694","nikahat"
"2695","nikhad"
"2696","nikhat"
"2697","nikhil"
"2698","nikil"
"2699","nikita"
"2700","nikkhar"
"2701","nikky"
"2702","niksiya"
"2703","nilesh"
"2704","nilofar"
"2705","nilu"
"2706","nimahe"
"2707","nimesh"
"2708","nimla"
"2709","nini"
"2710","nipun"
"2711","niraj"
"2712","niranjan"
"2713","nirbhay"
"2714","nirja"
"2715","nirjala"
"2716","nirjla"
"2717","nirma"
"2718","nirmala"
"2719","nirmaljeet"
"2720","nirosha"
"2721","nirutma"
"2722","nisa"
"2723","nisar"
"2724","nisat"
"2725","nischaya"
"2726","nishal"
"2727","nishant"
"2728","nishar"
"2729","nishith"
"2730","nishtha"
"2731","nishu"
"2732","nitasha"
"2733","nitesh"
"2734","nithyanandham"
"2735","niti"
"2736","nitika"
"2737","nitin"
"2738","nitish"
"2739","nittin"
"2740","nitu"
"2741","noojo"
"2742","noomi"
"2743","noor"
"2744","noora"
"2745","nooralam"
"2746","nooralha"
"2747","noore"
"2748","noori"
"2749","noorin"
"2750","noorjaha"
"2751","noorjama"
"2752","noorjhan"
"2753","noornabi"
"2754","noorpa"
"2755","nooruddin"
"2756","nootan"
"2757","noreen"
"2758","norti"
"2759","nosad"
"2760","nosi"
"2761","not"
"2762","nrendr"
"2763","nrotam"
"2764","nshima"
"2765","ntasha"
"2766","numesh"
"2767","nupur"
"2768","nur"
"2769","nuraish"
"2770","nurbi"
"2771","nursa"
"2772","nusrant"
"2773","nutan"
"2774","ojas"
"2775","oli"
"2776","oma"
"2777","ombeer"
"2778","ombir"
"2779","omendra"
"2780","omesh"
"2781","omeshkumar"
"2782","omi"
"2783","omjone"
"2784","omkar"
"2785","ompal"
"2786","omparkash"
"2787","omparkesh"
"2788","ompati"
"2789","omperkash"
"2790","omprakash"
"2791","omprakesh"
"2792","omprkash"
"2793","omprkesh"
"2794","one"
"2795","onginye"
"2796","opendar"
"2797","osier"
"2798","pabu"
"2799","pachuram"
"2800","padam"
"2801","padama"
"2802","padma"
"2803","paka"
"2804","pakhali"
"2805","palak"
"2806","palaram"
"2807","pallu"
"2808","pammi"
"2809","pammy"
"2810","pampa"
"2811","pancham"
"2812","panchi"
"2813","panchma"
"2814","panchoo"
"2815","panchuram"
"2816","panchuri"
"2817","pancu"
"2818","pandit"
"2819","pandu"
"2820","pangita"
"2821","pankaj"
"2822","pankajsheel"
"2823","pankuj"
"2824","panmati"
"2825","panna"
"2826","pannalal"
"2827","pannu"
"2828","papa"
"2829","papiya"
"2830","papp"
"2831","pappe"
"2832","pappu"
"2833","pappy"
"2834","papu"
"2835","papuu"
"2836","para"
"2837","paramjeet"
"2838","paramjit"
"2839","paramshela"
"2840","paras"
"2841","parash"
"2842","parashram"
"2843","parashu"
"2844","paratibha"
"2845","parbha"
"2846","parbhat"
"2847","parbhudayal"
"2848","pardeep"
"2849","pardeshi"
"2850","pardhuman"
"2851","pareen"
"2852","pareeti"
"2853","parem"
"2854","parerna"
"2855","pargati"
"2856","pari"
"2857","pariksha"
"2858","parinka"
"2859","pariti"
"2860","parjinder"
"2861","parkash"
"2862","parlad"
"2863","parmanand"
"2864","parmila"
"2865","parminder"
"2866","parmjeet"
"2867","parmo"
"2868","parmod"
"2869","parmodh"
"2870","parmood"
"2871","parniti"
"2872","paro"
"2873","parsanjeet"
"2874","parsann"
"2875","parshant"
"2876","parshotam"
"2877","parsi"
"2878","parsuram"
"2879","partab"
"2880","partap"
"2881","parteek"
"2882","parth"
"2883","partibha"
"2884","partima"
"2885","partul"
"2886","partyush"
"2887","paru"
"2888","parul"
"2889","paryanka"
"2890","pasanjeet"
"2891","patan"
"2892","pataso"
"2893","patender"
"2894","patric"
"2895","paul"
"2896","payana"
"2897","peentu"
"2898","peenu"
"2899","pemaram"
"2900","pera"
"2901","perdeep"
"2902","perkash"
"2903","phakir"
"2904","phalguni"
"2905","pharjana"
"2906","philomina"
"2907","phirdos"
"2908","phol"
"2909","phool"
"2910","phoola"
"2911","phooli"
"2912","phoolla"
"2913","phoolmani"
"2914","phoolo"
"2915","phul"
"2916","phulbi"
"2917","phulkana"
"2918","pinkey"
"2919","pinki"
"2920","pinkoo"
"2921","pinku"
"2922","pinky"
"2923","pintu"
"2924","pirmika"
"2925","piroj"
"2926","piryanka"
"2927","pista"
"2928","pitar"
"2929","pitika"
"2930","piuesh"
"2931","piyari"
"2932","piyus"
"2933","piyush"
"2934","poga"
"2935","pokhar"
"2936","poma"
"2937","poneem"
"2938","pooga"
"2939","pooja"
"2940","pool"
"2941","pooran"
"2942","poornima"
"2943","poshetty"
"2944","pphola"
"2945","prabhakar"
"2946","prabhash"
"2947","prabhat"
"2948","prabhatilal"
"2949","prabhatyashi"
"2950","prabhila"
"2951","prabhjeet"
"2952","prabhjot"
"2953","prabhu"
"2954","prabhudayal"
"2955","prableen"
"2956","prachi"
"2957","pradep"
"2958","prafhool"
"2959","praful"
"2960","pragati"
"2961","pragti"
"2962","prahlad"
"2963","prakash"
"2964","prakesh"
"2965","prakul"
"2966","pram"
"2967","pramal"
"2968","pramatma"
"2969","prameela"
"2970","prami"
"2971","pramil"
"2972","pramjeet"
"2973","pramod"
"2974","prankur"
"2975","prannab"
"2976","pransis"
"2977","prasanta"
"2978","prashanat"
"2979","prashansa"
"2980","prashant"
"2981","pratap"
"2982","prateek"
"2983","pratha"
"2984","prati"
"2985","pratibha"
"2986","pratiksha"
"2987","pratima"
"2988","pratul"
"2989","prayatan"
"2990","pree"
"2991","preena"
"2992","preet"
"2993","preeti"
"2994","preety"
"2995","prem"
"2996","premature"
"2997","premchand"
"2998","premjit"
"2999","premla"
"3000","premlata"
"3001","premnarayan"
"3002","prete"
"3003","preti"
"3004","preyank"
"3005","preyojit"
"3006","priju"
"3007","prince"
"3008","prinka"
"3009","prinkya"
"3010","prinsh"
"3011","pritam"
"3012","pritee"
"3013","priti"
"3014","pritibha"
"3015","pritika"
"3016","prittam"
"3017","prity"
"3018","priyaka"
"3019","priyaki"
"3020","priyanka"
"3021","priyanshu"
"3022","priyansi"
"3023","priyansu"
"3024","prmod"
"3025","prsant"
"3026","prshant"
"3027","prya"
"3028","pryanika"
"3029","pryanka"
"3030","pryinka"
"3031","pukharam"
"3032","pulita"
"3033","pulkit"
"3034","punam"
"3035","puneet"
"3036","puneeta"
"3037","punia"
"3038","punit"
"3039","punita"
"3040","punkaj"
"3041","punnet"
"3042","punni"
"3043","puran"
"3044","puranmal"
"3045","purnima"
"3046","purnmal"
"3047","pusgpender"
"3048","pushank"
"3049","pushapa"
"3050","pushkar"
"3051","pushpa"
"3052","pushpan"
"3053","pushpanjali"
"3054","pushpendr"
"3055","puskar"
"3056","puspa"
"3057","puspa&"
"3058","puspak"
"3059","puspendar"
"3060","puspender"
"3061","puspha"
"3062","putulu"
"3063","pyare"
"3064","pyarelal"
"3065","pyari"
"3066","rabhida"
"3067","rabin"
"3068","rabina"
"3069","rabita"
"3070","rabpreet"
"3071","rachana"
"3072","rachna"
"3073","rachnu"
"3074","rachpreet"
"3075","rada"
"3076","radesyam"
"3077","radha"
"3078","radhab"
"3079","radhadalal"
"3080","radhamohan"
"3081","radhe"
"3082","radhesayam"
"3083","radheshyam"
"3084","radhey"
"3085","radheyshyam"
"3086","radhika"
"3087","radhyshyam"
"3088","raeeyan"
"3089","rafal"
"3090","rafat"
"3091","rafeddin"
"3092","raghbir"
"3093","raghu"
"3094","raghubeer"
"3095","raghunandan"
"3096","ragib"
"3097","ragina"
"3098","ragini"
"3099","ragni"
"3100","rahat"
"3101","raheesh"
"3102","rahi"
"3103","rahil"
"3104","rahila"
"3105","rahim"
"3106","rahimuddin"
"3107","rahimun"
"3108","rahina"
"3109","rahish"
"3110","rahishudeen"
"3111","rahisuddin"
"3112","rahmat"
"3113","rahnuma"
"3114","rahu"
"3115","rai"
"3116","rainu"
"3117","raishma"
"3118","raisingh"
"3119","raisuddin"
"3120","raj"
"3121","raja"
"3122","rajam"
"3123","rajan"
"3124","rajani"
"3125","rajanti"
"3126","rajat"
"3127","rajbala"
"3128","rajbeer"
"3129","rajbir"
"3130","rajbiri"
"3131","rajdut"
"3132","rajeena"
"3133","rajeet"
"3134","rajend"
"3135","rajendar"
"3136","rajender"
"3137","rajenderi"
"3138","rajesh"
"3139","rajia"
"3140","rajibul"
"3141","rajina"
"3142","rajinder"
"3143","rajish"
"3144","rajit"
"3145","rajjit"
"3146","rajkali"
"3147","rajkaranta"
"3148","rajkarnta"
"3149","rajkiran"
"3150","rajkumar"
"3151","rajkumari"
"3152","rajkumarm"
"3153","rajl"
"3154","rajmani"
"3155","rajna"
"3156","rajneesh"
"3157","rajnesh"
"3158","rajni"
"3159","rajnish"
"3160","rajpal"
"3161","rajputra"
"3162","rajrani"
"3163","rajshree"
"3164","rajuddin"
"3165","rajudi"
"3166","rakeeba"
"3167","rakesh"
"3168","rakha"
"3169","rakho"
"3170","rakki"
"3171","rakkibhul"
"3172","ram"
"3173","ramaiya"
"3174","ramakant"
"3175","raman"
"3176","ramanand"
"3177","ramba"
"3178","rambabu"
"3179","rambai"
"3180","rambarose"
"3181","rambha"
"3182","rambhajan"
"3183","rambharos"
"3184","rambhul"
"3185","rambir"
"3186","rambiri"
"3187","ramchander"
"3188","ramchandr"
"3189","ramchandra"
"3190","ramdas"
"3191","ramdhan"
"3192","ramdhin"
"3193","ramdin"
"3194","ramdulari"
"3195","ramdutt"
"3196","ramdyal"
"3197","rame"
"3198","rameh"
"3199","ramender"
"3200","ramesh"
"3201","ramfare"
"3202","ramgopal"
"3203","ramhetu"
"3204","ramila"
"3205","raminder"
"3206","ramjan"
"3207","ramjanam"
"3208","ramjani"
"3209","ramjanki"
"3210","ramjeet"
"3211","ramji"
"3212","ramkali"
"3213","ramkanya"
"3214","ramkaran"
"3215","ramkesh"
"3216","ramkiashan"
"3217","ramkish"
"3218","ramkishan"
"3219","ramkumar"
"3220","ramlakhan"
"3221","ramlal"
"3222","rammurti"
"3223","ramnath"
"3224","ramnihor"
"3225","ramotar"
"3226","rampaal"
"3227","rampal"
"3228","rampayari"
"3229","ramphal"
"3230","rampher"
"3231","ramprasad"
"3232","ramrati"
"3233","ramsagar"
"3234","ramsati"
"3235","ramsem"
"3236","ramsurat"
"3237","ramtek"
"3238","ramu"
"3239","ramulu"
"3240","ran"
"3241","rana"
"3242","ranbir"
"3243","randeep"
"3244","randheer"
"3245","randhir"
"3246","rangeeta"
"3247","rani"
"3248","ranipal"
"3249","ranita"
"3250","raniya"
"3251","ranjana"
"3252","ranjay"
"3253","ranjeet"
"3254","ranjeeta"
"3255","ranjit"
"3256","ranjita"
"3257","ranjnika"
"3258","ranju"
"3259","ranki"
"3260","ranni"
"3261","ranpal"
"3262","rantesh"
"3263","ranu"
"3264","raseel"
"3265","rashab"
"3266","rashi"
"3267","rashid"
"3268","rashida"
"3269","rashika"
"3270","rashmi"
"3271","rasid"
"3272","rasida"
"3273","rasmi"
"3274","raspal"
"3275","rasul"
"3276","ratan"
"3277","rathan"
"3278","rati"
"3279","ratikant"
"3280","ratiman"
"3281","ratn"
"3282","ratnesh"
"3283","ratni"
"3284","rattan"
"3285","ratul"
"3286","raud"
"3287","rauf"
"3288","raunaf"
"3289","rayish"
"3290","rebecca"
"3291","redhema"
"3292","reekha"
"3293","reema"
"3294","reemi"
"3295","reena"
"3296","reenu"
"3297","reeta"
"3298","reetu"
"3299","rehaan"
"3300","rehman"
"3301","rehmat"
"3302","rehmati"
"3303","rejaul"
"3304","reka"
"3305","rekha"
"3306","rekhai"
"3307","rema"
"3308","rena"
"3309","rencho"
"3310","rennu"
"3311","renu"
"3312","renuka"
"3313","repu"
"3314","resham"
"3315","reshama"
"3316","reshami"
"3317","reshma"
"3318","reshmi"
"3319","resmi"
"3320","richa"
"3321","richaraj"
"3322","ridhakaran"
"3323","ridhima"
"3324","rihaan"
"3325","rihan"
"3326","rihana"
"3327","rijakpal"
"3328","riju"
"3329","rijul"
"3330","rikkenchi"
"3331","rima"
"3332","rimasha"
"3333","rimjhim"
"3334","rimmi"
"3335","rimpy"
"3336","rina"
"3337","rina/"
"3338","rinesh"
"3339","rini"
"3340","rinju"
"3341","rinka"
"3342","rinkal"
"3343","rinki"
"3344","rinkoo"
"3345","rinku"
"3346","rinky"
"3347","risabh"
"3348","rishab"
"3349","rishabh"
"3350","rishi"
"3351","rishipal"
"3352","rishiraj"
"3353","rishma"
"3354","risiraj"
"3355","rita"
"3356","ritesh"
"3357","rithik"
"3358","riti"
"3359","ritik"
"3360","ritika"
"3361","ritu"
"3362","ritunjay"
"3363","rituraj"
"3364","riya"
"3365","riyajuddin"
"3366","riyajudin"
"3367","riyajul"
"3368","riyasat"
"3369","robi"
"3370","robin"
"3371","rocky"
"3372","rohaan"
"3373","rohil"
"3374","rohila"
"3375","rohini"
"3376","rohit"
"3377","rohitash"
"3378","rohtash"
"3379","rohthash"
"3380","roji"
"3381","rojmen"
"3382","rojmeri"
"3383","ronak"
"3384","rony"
"3385","roobi"
"3386","rookmani"
"3387","roop"
"3388","roopa"
"3389","roopam"
"3390","roopnarayan"
"3391","rooshi"
"3392","rosan"
"3393","rosanjahan"
"3394","roshan"
"3395","roshanara"
"3396","roshani"
"3397","roshanlal"
"3398","roshni"
"3399","rosina"
"3400","rosy"
"3401","rsjesh"
"3402","rubal"
"3403","rubbi"
"3404","rubbina"
"3405","rubby"
"3406","rubey"
"3407","rubi"
"3408","rubiya"
"3409","rubjaan"
"3410","rubo"
"3411","ruby"
"3412","ruchendra"
"3413","ruchi"
"3414","ruchika"
"3415","ruchit"
"3416","ruckmani"
"3417","rucksana"
"3418","rudhra"
"3419","rudmal"
"3420","rudra"
"3421","ruhhena"
"3422","ruji"
"3423","rukhsana"
"3424","rukhsar"
"3425","rukhsna"
"3426","rukhsona"
"3427","rukiya"
"3428","rukmani"
"3429","ruksaar"
"3430","ruksana"
"3431","ruksar"
"3432","rukshan"
"3433","ruksin"
"3434","rukya"
"3435","rumal"
"3436","runiya"
"3437","rup"
"3438","rupak"
"3439","rupal"
"3440","rupam"
"3441","rupan"
"3442","rupanjali"
"3443","rupen"
"3444","rupendra"
"3445","rupesh"
"3446","rupinder"
"3447","ruplal"
"3448","ruppa"
"3449","rusan"
"3450","rushali"
"3451","rustam"
"3452","s/o"
"3453","saad"
"3454","saahil"
"3455","saahin"
"3456","saalu"
"3457","saana"
"3458","saaniya"
"3459","sabana"
"3460","sabanam"
"3461","sabba"
"3462","sabbab"
"3463","sabbar"
"3464","sabbir"
"3465","sabbu"
"3466","sabeeha"
"3467","sabeer"
"3468","sabenoor"
"3469","sabhana"
"3470","sabhya"
"3471","sabid"
"3472","sabila"
"3473","sabir"
"3474","sabiya"
"3475","sablu"
"3476","sabnam"
"3477","sabra"
"3478","sabrajeet"
"3479","sabreen"
"3480","sabrin"
"3481","sabrina"
"3482","sachi"
"3483","sachidanand"
"3484","sachin"
"3485","sadab"
"3486","sadab(khura)"
"3487","sadabrij"
"3488","saddam"
"3489","saddham"
"3490","sadhana"
"3491","sadhna"
"3492","sadhu"
"3493","sadik"
"3494","sadip"
"3495","sadiya"
"3496","sadre"
"3497","sadur"
"3498","saeshta"
"3499","safali"
"3500","safe"
"3501","safia"
"3502","safila"
"3503","safina"
"3504","safiya"
"3505","sagan"
"3506","sagar"
"3507","sagir"
"3508","sagiran"
"3509","sagit"
"3510","sagita"
"3511","sagufta"
"3512","sahab"
"3513","sahabbudin"
"3514","sahabudeen"
"3515","sahaja"
"3516","sahajaha"
"3517","sahajha"
"3518","sahanaj"
"3519","sahar"
"3520","sahbuddin"
"3521","sahdab"
"3522","saheb"
"3523","saheen"
"3524","sahenaj"
"3525","sahi"
"3526","sahiba"
"3527","sahid"
"3528","sahida"
"3529","sahil"
"3530","sahin"
"3531","sahina"
"3532","sahira"
"3533","sahishta"
"3534","sahista"
"3535","sahjad"
"3536","sahkir"
"3537","sahlesh"
"3538","sahna"
"3539","sahnabaj"
"3540","sahnara"
"3541","sahrik"
"3542","sahrukh"
"3543","sahrul"
"3544","sahun"
"3545","sai"
"3546","said"
"3547","saidul"
"3548","saif"
"3549","saifali"
"3550","saima"
"3551","saimun"
"3552","sainky"
"3553","saira"
"3554","saista"
"3555","sajana"
"3556","sajda"
"3557","sajia"
"3558","sajid"
"3559","sajida"
"3560","sajini"
"3561","sajiya"
"3562","sajjan"
"3563","sajju"
"3564","sajma"
"3565","sajmeen"
"3566","sajni"
"3567","sajruddin"
"3568","saka"
"3569","sakal"
"3570","sakcham"
"3571","sakchan"
"3572","sakeena"
"3573","saket"
"3574","sakhichander"
"3575","sakib"
"3576","sakil"
"3577","sakila"
"3578","sakir"
"3579","sakiran"
"3580","saksham"
"3581","sakshi"
"3582","saksi"
"3583","saku"
"3584","sakuntla"
"3585","salama"
"3586","salaman"
"3587","saleem"
"3588","salesh"
"3589","salim"
"3590","salin"
"3591","salinder"
"3592","salini"
"3593","sally"
"3594","salma"
"3595","salmaan"
"3596","salmakhatun"
"3597","salmam"
"3598","salman"
"3599","salmi"
"3600","saloni"
"3601","salu"
"3602","salupa"
"3603","sam"
"3604","sama"
"3605","samad"
"3606","samadh"
"3607","samaiali"
"3608","samar"
"3609","samay"
"3610","samayddin"
"3611","sambhu"
"3612","same"
"3613","sameem"
"3614","sameena"
"3615","sameeruddin"
"3616","samer"
"3617","samiksa"
"3618","samiksha"
"3619","samim"
"3620","samima"
"3621","samina"
"3622","samir"
"3623","samiron"
"3624","samit"
"3625","samiya"
"3626","samman"
"3627","sammiuddin"
"3628","samon"
"3629","samoti"
"3630","sampat"
"3631","samra"
"3632","samreen"
"3633","samrin"
"3634","samsad"
"3635","samser"
"3636","samsida"
"3637","samsuddin"
"3638","samsudin"
"3639","samsung"
"3640","samundri"
"3641","san"
"3642","sana"
"3643","sanaali"
"3644","sanam"
"3645","sanand"
"3646","sanat"
"3647","sanaullah"
"3648","sanchit"
"3649","sandee["
"3650","sandeepa"
"3651","sandha"
"3652","sandhya"
"3653","sandip"
"3654","sandiya"
"3655","sandna"
"3656","sandya"
"3657","saneha"
"3658","sangeena"
"3659","sangeet"
"3660","sangeeta"
"3661","sangeta"
"3662","sangit"
"3663","sangita"
"3664","sangram"
"3665","sanha"
"3666","sania"
"3667","sanita"
"3668","saniya"
"3669","sanjai"
"3670","sanjan"
"3671","sanjeet"
"3672","sanjey"
"3673","sanjida"
"3674","sanjit"
"3675","sanjna"
"3676","sanjogta"
"3677","sanjoh"
"3678","sanju"
"3679","sanjya"
"3680","sankar"
"3681","sankarlal"
"3682","sanna"
"3683","sanni"
"3684","sanno"
"3685","sanny"
"3686","sano"
"3687","sanoj"
"3688","sanoshi"
"3689","sanpat"
"3690","sant"
"3691","santara"
"3692","santi"
"3693","santlal"
"3694","santna"
"3695","santo"
"3696","santok"
"3697","santosh"
"3698","santoshi"
"3699","santra"
"3700","santram"
"3701","santrm"
"3702","santro"
"3703","santu"
"3704","sanu"
"3705","sany"
"3706","sapana"
"3707","sapita"
"3708","sarabjeet"
"3709","sarabjit"
"3710","sarad"
"3711","sarafat"
"3712","sarafraj"
"3713","sarah"
"3714","sarain"
"3715","saral"
"3716","sarangthem"
"3717","saranjeet"
"3718","saranthem"
"3719","sarbari"
"3720","sarbash"
"3721","sarbjeet"
"3722","sarda"
"3723","sardar"
"3724","sardeep"
"3725","sardhu"
"3726","sareen"
"3727","sarfaraj"
"3728","sarfraj"
"3729","sarif"
"3730","sarik"
"3731","sarika"
"3732","sarip"
"3733","sarita"
"3734","sarjaha"
"3735","sarjeet"
"3736","sarju"
"3737","sarkar"
"3738","sarmeela"
"3739","sarmila"
"3740","saroj"
"3741","saroja"
"3742","sarojani"
"3743","sarojini"
"3744","sarojni"
"3745","saroop"
"3746","sartaj"
"3747","sarthak"
"3748","saru"
"3749","saruf"
"3750","sashi"
"3751","sashikala"
"3752","sat"
"3753","satan"
"3754","satbar"
"3755","satbir"
"3756","sateesh"
"3757","satender"
"3758","satendra"
"3759","satish"
"3760","satnarayan"
"3761","satnosh"
"3762","satosh"
"3763","satrohan"
"3764","satrudan"
"3765","satrughan"
"3766","sattaram"
"3767","satu"
"3768","satya"
"3769","satyam"
"3770","satyanarayan"
"3771","satyaprakash"
"3772","satyender"
"3773","satynarayan"
"3774","sauhal"
"3775","sauni"
"3776","saurab"
"3777","saurabh"
"3778","sayada"
"3779","sayana"
"3780","sayari"
"3781","sayda"
"3782","sayeri"
"3783","sayja"
"3784","sayma"
"3785","sayna"
"3786","sayra"
"3787","schin"
"3788","seeba"
"3789","seekha"
"3790","seelam"
"3791","seeta"
"3792","seetal"
"3793","sefali"
"3794","sehboob"
"3795","sehjal"
"3796","sehjamal"
"3797","sehran"
"3798","sehrunisa"
"3799","sejan"
"3800","sekha"
"3801","selars"
"3802","sema"
"3803","senser"
"3804","senthia"
"3805","sera"
"3806","sethi"
"3807","seti"
"3808","shabanam"
"3809","shabanm"
"3810","shabbenour"
"3811","shabbi"
"3812","shabi"
"3813","shabila"
"3814","shabina"
"3815","shabir"
"3816","shabnam"
"3817","shabnur"
"3818","shabra"
"3819","shabreen"
"3820","shabuddin"
"3821","shadab"
"3822","shadan"
"3823","shadhana"
"3824","shadhik"
"3825","shadhna"
"3826","shadik"
"3827","shafibul"
"3828","shagufta"
"3829","shah"
"3830","shahabuddin"
"3831","shahboob"
"3832","shahbuddin"
"3833","shahgujta"
"3834","shahib"
"3835","shahiba"
"3836","shahid"
"3837","shahida"
"3838","shahina"
"3839","shahir"
"3840","shahista"
"3841","shahjad"
"3842","shahjadi"
"3843","shahna"
"3844","shahnaj"
"3845","shahnam"
"3846","shahrish"
"3847","shahruf"
"3848","shaid"
"3849","shaifali"
"3850","shaikh"
"3851","shaila"
"3852","shailash"
"3853","shailesh"
"3854","shaili"
"3855","shailja"
"3856","shaina"
"3857","shaira"
"3858","shajid"
"3859","shajiya"
"3860","shakar"
"3861","shakeela"
"3862","shakeena"
"3863","shakhtnsana"
"3864","shakil"
"3865","shakina"
"3866","shakir"
"3867","shakshi"
"3868","shakti"
"3869","shakun"
"3870","shakuna"
"3871","shakuntala"
"3872","shakuntla"
"3873","shakuntla/baby"
"3874","shakutal"
"3875","shalender"
"3876","shalesh"
"3877","shalid"
"3878","shalig"
"3879","shalini"
"3880","shallu"
"3881","shalu"
"3882","sham"
"3883","shama"
"3884","shambhu"
"3885","shambu"
"3886","shami"
"3887","shamim"
"3888","shampa"
"3889","shamrin"
"3890","shamshad"
"3891","shamsher"
"3892","shamshina"
"3893","shamshudin"
"3894","shamsuddin"
"3895","shan"
"3896","shana"
"3897","shanah"
"3898","shanaj"
"3899","shani"
"3900","shanichari"
"3901","shanjhan"
"3902","shankar"
"3903","shankarlal"
"3904","shanker"
"3905","shankri"
"3906","shankuntla"
"3907","shanno"
"3908","shanshak"
"3909","shanta"
"3910","shanti"
"3911","sharad"
"3912","sharadhha"
"3913","sharanjeet"
"3914","sharat"
"3915","sharda"
"3916","shardanand"
"3917","sharib"
"3918","sharinimle"
"3919","sharjprit"
"3920","sharmili"
"3921","sharmistha"
"3922","sharuna"
"3923","shashai"
"3924","shashank"
"3925","shashi"
"3926","shashibala"
"3927","shashikant"
"3928","shathi"
"3929","shatish"
"3930","shaturughyan"
"3931","shaubha"
"3932","shaukat"
"3933","shaulal"
"3934","shaurabh"
"3935","shayam"
"3936","shayampuri"
"3937","shayana"
"3938","shayma"
"3939","shaymu"
"3940","shayna"
"3941","shayra"
"3942","shbana"
"3943","sheak"
"3944","sheeak"
"3945","sheela"
"3946","sheelu"
"3947","shefali"
"3948","sheh"
"3949","sheikh"
"3950","sheilesh"
"3951","sheish"
"3952","shekh"
"3953","shekhar"
"3954","shekher"
"3955","shekiba"
"3956","shela"
"3957","shelendra"
"3958","shelesh"
"3959","shelly"
"3960","sher"
"3961","sheru"
"3962","shetal"
"3963","shetan"
"3964","shgita"
"3965","shi"
"3966","shib"
"3967","shiba"
"3968","shibu"
"3969","shidharth"
"3970","shiena"
"3971","shifali"
"3972","shikha"
"3973","shil"
"3974","shilap"
"3975","shilly"
"3976","shilpi"
"3977","shilu"
"3978","shimala"
"3979","shimpi"
"3980","shimran"
"3981","shine"
"3982","shipra"
"3983","shirishty"
"3984","shish"
"3985","shishpal"
"3986","shishram"
"3987","shishul"
"3988","shispal"
"3989","shisupal"
"3990","shiteel"
"3991","shittal"
"3992","shiya"
"3993","shjad"
"3994","shkil"
"3995","shkundla"
"3996","shkuntala"
"3997","shkur"
"3998","shma"
"3999","shmejha"
"4000","shoab"
"4001","shoaib"
"4002","shoan"
"4003","shobha"
"4004","shobharam"
"4005","shobhit"
"4006","shobina"
"4007","shohan"
"4008","shoiba"
"4009","shokar"
"4010","shokat"
"4011","shokesh"
"4012","shokraji"
"4013","shoukat"
"4014","shoyab"
"4015","shrabani"
"4016","shree"
"4017","shreee"
"4018","shreemati"
"4019","shri"
"4020","shrikant"
"4021","shrimati"
"4022","shripal"
"4023","shruti"
"4024","shubham"
"4025","shubhm"
"4026","shukla"
"4027","shukramani"
"4028","shulal"
"4029","shulekha"
"4030","shun"
"4031","shushil"
"4032","shushila"
"4033","shushma"
"4034","shushree"
"4035","shusila"
"4036","shyad"
"4037","shyam"
"4038","shyama"
"4039","shyamlal"
"4040","shyan"
"4041","shymo"
"4042","shyoram"
"4043","sidarth"
"4044","siddarth"
"4045","siddharth"
"4046","siddhi"
"4047","sidh"
"4048","sidharath"
"4049","sidhart"
"4050","sidharth"
"4051","sidhrath"
"4052","sifa"
"4053","sikandar"
"4054","sikander"
"4055","sikender"
"4056","sila"
"4057","silender"
"4058","silpa"
"4059","silpi"
"4060","sima"
"4061","simabharti"
"4062","similata"
"4063","simmi"
"4064","simmy"
"4065","simpi"
"4066","simranjeet"
"4067","sinaa"
"4068","sinder"
"4069","sinil"
"4070","sinta"
"4071","sintu"
"4072","sira"
"4073","siraj"
"4074","sirish"
"4075","sirjna"
"4076","sishpal"
"4077","sisty"
"4078","sita"
"4079","sital"
"4080","sitar"
"4081","sitaram"
"4082","sitender"
"4083","sithal"
"4084","sitra"
"4085","siya"
"4086","siyaram"
"4087","skunatla"
"4088","smariti"
"4089","smarti"
"4090","smriti"
"4091","smt"
"4092","smt,"
"4093","snah"
"4094","sneh"
"4095","sneha"
"4096","snehlata"
"4097","sngeeta"
"4098","snjana"
"4099","sntosh"
"4100","soam"
"4101","soba"
"4102","soban"
"4103","sobha"
"4104","sobi"
"4105","sobit"
"4106","sodan"
"4107","sofali"
"4108","sohaib"
"4109","sohail"
"4110","sohan"
"4111","sohanlal"
"4112","sohanpal"
"4113","soheb"
"4114","sohel"
"4115","sohi"
"4116","sohib"
"4117","sohnal"
"4118","sohni"
"4119","sokat"
"4120","sokin"
"4121","som"
"4122","soma"
"4123","somdath"
"4124","somi"
"4125","somil"
"4126","sompal"
"4127","somprakash"
"4128","son"
"4129","sona"
"4130","sonaki"
"4131","sonali"
"4132","sonam"
"4133","sone"
"4134","soni"
"4135","sonika"
"4136","soniya"
"4137","soniya,"
"4138","sonu"
"4139","sony"
"4140","sonyi"
"4141","soona"
"4142","sooraj"
"4143","sorabh"
"4144","sosan"
"4145","sosari"
"4146","sosri"
"4147","sotaj"
"4148","sourab"
"4149","sourabh"
"4150","soyab"
"4151","soyam"
"4152","spana"
"4153","sparsh"
"4154","spna"
"4155","srheeram"
"4156","srikant"
"4157","srimati"
"4158","srishty"
"4159","srita"
"4160","stephen"
"4161","stifen"
"4162","subani"
"4163","subash"
"4164","subato"
"4165","subburaiyalu"
"4166","sube"
"4167","subesh"
"4168","subhadra"
"4169","subhagi"
"4170","subhagya"
"4171","subhakar"
"4172","subham"
"4173","subhan"
"4174","subhangi"
"4175","subhapal"
"4176","subhas"
"4177","subhash"
"4178","subhdra"
"4179","subhi"
"4180","subhod"
"4181","subhodh"
"4182","subin"
"4183","subjeet"
"4184","subodh"
"4185","subrati"
"4186","succha"
"4187","sucheta"
"4188","suchi"
"4189","suchit"
"4190","suchita"
"4191","suchitra"
"4192","suda"
"4193","sudan"
"4194","sudarshan"
"4195","sudershan"
"4196","sudesh"
"4197","sudha"
"4198","sudhama"
"4199","sudhanshu"
"4200","sudhansu"
"4201","sudhir"
"4202","sudma"
"4203","sufia"
"4204","sufian"
"4205","sufiya"
"4206","sugai"
"4207","sugandb"
"4208","sugandha"
"4209","suganti"
"4210","sugar"
"4211","suhagini"
"4212","suhail"
"4213","suhaliya"
"4214","suhani"
"4215","suhsmita"
"4216","suja"
"4217","sujal"
"4218","sujan"
"4219","sujanti"
"4220","sujata"
"4221","sujeet"
"4222","sujen"
"4223","sujit"
"4224","sukanya"
"4225","sukenta"
"4226","sukh"
"4227","sukhbeer"
"4228","sukhbir"
"4229","sukheeya"
"4230","sukhmit"
"4231","sukhpal"
"4232","sukhram"
"4233","sukhsohan"
"4234","sukka"
"4235","sukkhu"
"4236","sukmani"
"4237","sukrita"
"4238","sukshana"
"4239","sukul"
"4240","sukumar"
"4241","sulekha"
"4242","suleman"
"4243","sulender"
"4244","sulochna"
"4245","sultan"
"4246","sultana"
"4247","suma"
"4248","sumaila"
"4249","suman"
"4250","sumanlta"
"4251","sumant"
"4252","sumanthra"
"4253","sumemtra"
"4254","sumender"
"4255","sumentra"
"4256","sumer"
"4257","sumesh"
"4258","suminder"
"4259","sumirta"
"4260","sumit"
"4261","sumita"
"4262","sumitra"
"4263","sumnesh"
"4264","sumoranjam"
"4265","sunaina"
"4266","sunaki"
"4267","sunali"
"4268","sunarkali"
"4269","sundar"
"4270","sundari"
"4271","sundeep"
"4272","sunder"
"4273","sundga"
"4274","sundri"
"4275","suneel"
"4276","suneeta"
"4277","sunena"
"4278","suneta"
"4279","sunhara"
"4280","sunil"
"4281","sunitha"
"4282","sunpreet"
"4283","supiriya"
"4284","supna"
"4285","supriya"
"4286","supriyal"
"4287","supyar"
"4288","suraiya"
"4289","suraj"
"4290","suraja"
"4291","surajbhan"
"4292","surajpal"
"4293","surat"
"4294","surekha"
"4295","surender"
"4296","surendera"
"4297","surendra"
"4298","suresh"
"4299","surgayan"
"4300","surgayani"
"4301","surgyan"
"4302","surinder"
"4303","surindera"
"4304","suriti"
"4305","surjeet"
"4306","surjit"
"4307","surjiya"
"4308","surti"
"4309","sus"
"4310","susan"
"4311","susant"
"4312","susanto"
"4313","sushail"
"4314","sushama"
"4315","sushant"
"4316","sushela"
"4317","sushil"
"4318","sushila"
"4319","sushma"
"4320","sushmendra"
"4321","sushmita"
"4322","sushpal"
"4323","sushree"
"4324","susila"
"4325","susma"
"4326","susmata"
"4327","susmita"
"4328","susri"
"4329","sutiya"
"4330","syamsunder"
"4331","syed"
"4332","syham"
"4333","taar"
"4334","tabassum"
"4335","tabasum"
"4336","tabbsum"
"4337","tabssum"
"4338","tabsum"
"4339","tahira"
"4340","tahseen"
"4341","taitra"
"4342","taiyab"
"4343","taj"
"4344","tajinder"
"4345","tajmaha"
"4346","tajuddin"
"4347","tak"
"4348","taki"
"4349","takshila"
"4350","taleem"
"4351","talim"
"4352","tamana"
"4353","tamanna"
"4354","tammanne"
"4355","tamnna"
"4356","tane"
"4357","tania"
"4358","tanish"
"4359","taniya"
"4360","tanjima"
"4361","tanmay"
"4362","tannu"
"4363","tanuj"
"4364","tanuja"
"4365","tanushri"
"4366","tanya"
"4367","tapan"
"4368","tapas"
"4369","tapender"
"4370","tapish"
"4371","tapsam"
"4372","tapsya"
"4373","tapsyum"
"4374","tara"
"4375","taran"
"4376","taranjeet"
"4377","tarannum"
"4378","tarif"
"4379","tarjan"
"4380","tarnnum"
"4381","tarnum"
"4382","tarun"
"4383","tarunnam"
"4384","tasbiha"
"4385","tashkkur"
"4386","tashnim"
"4387","tasleem"
"4388","taslima"
"4389","tasmina"
"4390","tasnim"
"4391","taufik"
"4392","tauseek"
"4393","taushif"
"4394","tausin"
"4395","teekam"
"4396","teena"
"4397","teerath"
"4398","tehmina"
"4399","tej"
"4400","teja"
"4401","tejender"
"4402","tejpal"
"4403","tek"
"4404","tekchand"
"4405","tepu"
"4406","terence"
"4407","thakur"
"4408","tharu"
"4409","thomas"
"4410","tikaram"
"4411","tikku"
"4412","tilak"
"4413","tilakraj"
"4414","tilakram"
"4415","tilk"
"4416","tina"
"4417","tinki"
"4418","tinku"
"4419","tipu"
"4420","tirath"
"4421","tisha"
"4422","tohid"
"4423","tohir"
"4424","tohmeena"
"4425","toni"
"4426","toshar"
"4427","tosheeb"
"4428","tranoom"
"4429","trepti"
"4430","trijugi"
"4431","trilock"
"4432","trilok"
"4433","tripta"
"4434","tripti"
"4435","tripurari"
"4436","trlokchand"
"4437","tuba"
"4438","tufail"
"4439","tufel"
"4440","tuka"
"4441","tulcharam"
"4442","tulki"
"4443","tulsa"
"4444","tulsha"
"4445","tulshi"
"4446","tulsi"
"4447","tulsiram"
"4448","tumpa"
"4449","tunni"
"4450","tushal"
"4451","tushar"
"4452","tyara"
"4453","uda"
"4454","udaiy"
"4455","udal"
"4456","uday"
"4457","udesh"
"4458","udham"
"4459","udi"
"4460","udit"
"4461","udita"
"4462","udmai"
"4463","uganta"
"4464","ugma"
"4465","ujama"
"4466","ujamma"
"4467","ujir"
"4468","ujjair"
"4469","uma"
"4470","umakant"
"4471","umar"
"4472","umardeen"
"4473","umasankar"
"4474","umashankar"
"4475","umashanker"
"4476","umda"
"4477","umedi"
"4478","umesh"
"4479","umesha"
"4480","umlesh"
"4481","umma"
"4482","umme"
"4483","unnati"
"4484","upasana"
"4485","upasna"
"4486","upender"
"4487","upendra"
"4488","urendra"
"4489","urmila"
"4490","usmaan"
"4491","usman"
"4492","utam"
"4493","utkarsh"
"4494","utpana"
"4495","uttam"
"4496","yaadram"
"4497","yadho"
"4498","yadram"
"4499","yaksh"
"4500","yaman"
"4501","yameen"
"4502","yamin"
"4503","yamini"
"4504","yamuna"
"4505","yasar"
"4506","yash"
"4507","yashbir"
"4508","yashdhra"
"4509","yashika"
"4510","yashin"
"4511","yashmin"
"4512","yashoda"
"4513","yashodha"
"4514","yashpal"
"4515","yasib"
"4516","yasin"
"4517","yasmeen"
"4518","yasmin"
"4519","yasoda"
"4520","yasodha"
"4521","yatharth"
"4522","yatin"
"4523","yeshpal"
"4524","yespal"
"4525","yinita"
"4526","yogendr"
"4527","yogendra"
"4528","yoginder"
"4529","yogita"
"4530","yognder"
"4531","yograj"
"4532","yoshoda"
"4533","youraj"
"4534","yudhbir"
"4535","yunishs"
"4536","yunus"
"4537","yusaf"
"4538","yusuf"